<?xml version="1.0" encoding="UTF-8"?>
<root>
  <item name="com.lansent.cannan.util.SpanUtils.Align">
    <annotation name="android.support.annotation.IntDef">
      <val name="value" val="{com.lansent.cannan.util.SpanUtils.ALIGN_BOTTOM, com.lansent.cannan.util.SpanUtils.ALIGN_BASELINE, com.lansent.cannan.util.SpanUtils.ALIGN_CENTER, com.lansent.cannan.util.SpanUtils.ALIGN_TOP}" />
    </annotation>
  </item>
  <item name="com.lansent.cannan.util.ThreadPoolUtils ThreadPoolUtils(int, int) 0">
    <annotation name="android.support.annotation.IntDef">
      <val name="value" val="{com.lansent.cannan.util.ThreadPoolUtils.ScheduledThread, com.lansent.cannan.util.ThreadPoolUtils.FixedThread, com.lansent.cannan.util.ThreadPoolUtils.CachedThread, com.lansent.cannan.util.ThreadPoolUtils.SingleThread}" />
    </annotation>
  </item>
  <item name="com.lansent.cannan.util.ThreadPoolUtils.Type">
    <annotation name="android.support.annotation.IntDef">
      <val name="value" val="{com.lansent.cannan.util.ThreadPoolUtils.ScheduledThread, com.lansent.cannan.util.ThreadPoolUtils.FixedThread, com.lansent.cannan.util.ThreadPoolUtils.CachedThread, com.lansent.cannan.util.ThreadPoolUtils.SingleThread}" />
    </annotation>
  </item>
</root>

