<?xml version="1.0" encoding="UTF-8"?>
<root>
  <item name="com.lansent.cannan.api.Method.METHOD">
    <annotation name="android.support.annotation.IntDef">
      <val name="value" val="{com.lansent.cannan.api.Method.GET, com.lansent.cannan.api.Method.POST, com.lansent.cannan.api.Method.PUT, com.lansent.cannan.api.Method.DELETE}" />
    </annotation>
  </item>
  <item name="com.lansent.cannan.api.URLParam void setMethod(int) 0">
    <annotation name="android.support.annotation.IntDef">
      <val name="value" val="{com.lansent.cannan.api.Method.GET, com.lansent.cannan.api.Method.POST, com.lansent.cannan.api.Method.PUT, com.lansent.cannan.api.Method.DELETE}" />
    </annotation>
  </item>
</root>

