<?xml version="1.0" encoding="UTF-8"?>
<root>
  <item name="com.lansent.cannan.api.ApiMethod.METHOD">
    <annotation name="android.support.annotation.IntDef">
      <val name="value" val="{com.lansent.cannan.api.ApiMethod.GET, com.lansent.cannan.api.ApiMethod.POST, com.lansent.cannan.api.ApiMethod.PUT, com.lansent.cannan.api.ApiMethod.DELETE}" />
    </annotation>
  </item>
  <item name="com.lansent.cannan.api.URLParam void setMethod(int) 0">
    <annotation name="android.support.annotation.IntDef">
      <val name="value" val="{com.lansent.cannan.api.ApiMethod.GET, com.lansent.cannan.api.ApiMethod.POST, com.lansent.cannan.api.ApiMethod.PUT, com.lansent.cannan.api.ApiMethod.DELETE}" />
    </annotation>
  </item>
</root>

